{"stats":{"minecraft:used":{"djyybuild:get_3d_block_gui":7,"minecraft:oak_trapdoor":7,"minecraft:iron_bars":16,"djyy:ji_kuai":11,"djyy:lu_gou_zi":137,"minecraft:oak_sign":3,"minecraft:ladder":5,"minecraft:silverfish_spawn_egg":57,"minecraft:chest":33,"minecraft:white_terracotta":131,"minecraft:stone":234,"minecraft:structure_block":17,"minecraft:oak_door":41,"minecraft:torch":79,"minecraft:brewing_stand":2,"minecraft:white_carpet":2,"minecraft:blue_stained_glass":40,"minecraft:spruce_stairs":29,"minecraft:stone_stairs":111,"minecraft:orange_wool":4,"minecraft:furnace_minecart":1,"minecraft:granite":320,"minecraft:glass":9,"minecraft:stone_brick_slab":5,"minecraft:sea_lantern":1,"minecraft:bricks":16,"minecraft:bookshelf":50,"minecraft:villager_spawn_egg":21,"minecraft:quartz_slab":58,"minecraft:grass_block":142,"minecraft:oak_stairs":14,"minecraft:polished_andesite_stairs":15,"minecraft:spawner":3,"djyy:press_biscuit":2,"minecraft:smooth_quartz":53,"minecraft:totem_of_undying":1,"minecraft:stone_bricks":62,"minecraft:item_frame":27,"minecraft:bedrock":2,"minecraft:light_gray_wool":1,"minecraft:emerald_block":1,"minecraft:furnace":10,"minecraft:minecart":6,"minecraft:gold_block":2,"minecraft:granite_wall":7,"djyy:wmzz_dls":5,"djyy:ji_jiu_bao":2,"minecraft:light_blue_carpet":2,"minecraft:quartz_bricks":42,"minecraft:cobblestone_stairs":8,"minecraft:sandstone_stairs":34,"minecraft:infested_stone":8,"djyy:chen_cu":2,"minecraft:chorus_fruit":1,"minecraft:powered_rail":297,"minecraft:oak_planks":455,"minecraft:sandstone":14,"minecraft:cut_sandstone":23,"minecraft:redstone_block":34,"djyybuild:target_block_gui":19,"djyy:golden_liandao":29,"minecraft:sheep_spawn_egg":2,"minecraft:clay":226,"djyy:led_block":7,"minecraft:dark_oak_trapdoor":7,"minecraft:yellow_terracotta":28,"minecraft:rail":93,"minecraft:strider_spawn_egg":3,"minecraft:light_blue_concrete":19,"minecraft:cut_sandstone_slab":13,"minecraft:oak_slab":28,"minecraft:tnt":7,"minecraft:crafting_table":21,"djyy:xing_ren_shui":60,"minecraft:yellow_concrete":272,"djyy:dakandao":7,"djyy:build1980":1,"minecraft:white_bed":18,"minecraft:stone_brick_wall":17,"minecraft:lingering_potion":76,"minecraft:infested_stone_bricks":439,"minecraft:dark_oak_door":22,"minecraft:birch_fence":2,"minecraft:creeper_spawn_egg":718,"minecraft:oak_log":51,"minecraft:blue_stained_glass_pane":31,"minecraft:lever":3,"djyybuild:get_target_block":22,"minecraft:acacia_stairs":13,"minecraft:birch_slab":25,"minecraft:pig_spawn_egg":1,"minecraft:iron_pickaxe":17,"minecraft:map":2,"minecraft:netherite_axe":18,"minecraft:lectern":2,"minecraft:stone_slab":227,"djyy:114514_sword":76,"minecraft:cut_red_sandstone":28,"djyy:xi_gua_zhi":1,"minecraft:polished_andesite_slab":34,"minecraft:chiseled_stone_bricks":4,"minecraft:cobblestone":109,"minecraft:potion":2,"minecraft:dark_oak_fence":12,"minecraft:piglin_spawn_egg":44,"minecraft:glass_pane":82,"djyy:shao_dao_zi":2,"djyy:ge_wa_si":1,"minecraft:white_concrete":438,"minecraft:smooth_stone":304,"minecraft:jukebox":1,"minecraft:splash_potion":77,"minecraft:birch_stairs":90},"minecraft:custom":{"minecraft:mob_kills":465,"minecraft:interact_with_crafting_table":8,"minecraft:open_barrel":5,"minecraft:leave_game":36,"minecraft:time_since_death":27124,"minecraft:climb_one_cm":3417,"minecraft:sprint_one_cm":235783,"minecraft:walk_one_cm":1433887,"minecraft:drop":17,"minecraft:deaths":6,"minecraft:sneak_time":1282,"minecraft:jump":2051,"minecraft:interact_with_brewingstand":9,"minecraft:walk_on_water_one_cm":1357,"minecraft:play_record":5,"minecraft:play_one_minute":575553,"minecraft:sleep_in_bed":5,"minecraft:time_since_rest":27154,"minecraft:damage_taken":4141,"minecraft:damage_dealt":13702,"minecraft:minecart_one_cm":101478,"minecraft:fly_one_cm":6438521,"minecraft:open_chest":18,"minecraft:crouch_one_cm":5350,"minecraft:fall_one_cm":1908,"minecraft:inspect_dispenser":1},"minecraft:mined":{"minecraft:infested_stone_bricks":78},"minecraft:dropped":{"djyybuild:gai_lou_gui":2,"djyy:led_block":1,"djyybuild:copy_item":1,"djyy:build2005":1,"minecraft:jungle_door":1,"djyybuild:target_block_gui":1,"minecraft:stone_brick_slab":1,"minecraft:furnace":1,"minecraft:bricks":1,"djyybuild:get_3d_block_gui":2,"minecraft:white_terracotta":1,"minecraft:infested_stone_bricks":1,"djyy:da_huo_ji":1,"minecraft:stone":1,"minecraft:stone_brick_wall":1},"minecraft:crafted":{"minecraft:filled_map":3},"minecraft:killed":{"minecraft:zombified_piglin":1,"minecraft:witch":1,"minecraft:slime":11,"minecraft:silverfish":3,"minecraft:pig":1,"minecraft:iron_golem":9,"minecraft:wandering_trader":1,"minecraft:creeper":417,"minecraft:sheep":2,"minecraft:trader_llama":2,"minecraft:zombie":1,"minecraft:mooshroom":1,"minecraft:villager":1},"minecraft:picked_up":{"minecraft:azure_bluet":8,"minecraft:stone_brick_wall":1,"minecraft:gold_block":2,"minecraft:string":1,"minecraft:item_frame":2,"minecraft:gold_nugget":1,"djyybuild:target_block_gui":1,"minecraft:beef":15,"minecraft:poppy":10,"minecraft:egg":1,"minecraft:dark_oak_door":6,"minecraft:stone":1,"minecraft:oak_door":14,"djyy:da_huo_ji":1,"minecraft:oak_fence":1,"djyy:wmzz_dls":147,"minecraft:torch":13,"minecraft:porkchop":1,"minecraft:redstone":2,"minecraft:orange_bed":7,"minecraft:rotten_flesh":2,"djyybuild:gai_lou_gui":2,"djyy:led_block":1,"minecraft:mutton":2,"minecraft:white_wool":2,"djyybuild:get_3d_block_gui":1,"minecraft:leather":2,"minecraft:beacon":1,"djyy:xing_ren_shui":93,"minecraft:gunpowder":1605,"minecraft:dirt":160,"djyy:the_int":29,"minecraft:cooked_mutton":1,"minecraft:wheat_seeds":5,"minecraft:iron_ingot":38,"djyy:ge_wa_si":50,"minecraft:powered_rail":1,"djyy:chen_cu":62,"minecraft:stone_brick_slab":1,"minecraft:dandelion":2,"minecraft:spider_eye":2,"minecraft:infested_stone_bricks":1,"minecraft:slime_ball":34,"djyy:build2005":1,"minecraft:lever":1,"minecraft:chorus_fruit":12,"minecraft:bricks":1},"minecraft:killed_by":{"minecraft:player":1,"minecraft:slime":1,"minecraft:skeleton":1}},"DataVersion":2586}