{"stats":{"minecraft:crafted":{"minecraft:oak_planks":105,"minecraft:cooked_chicken":23,"minecraft:cake":3,"minecraft:diamond_helmet":1,"minecraft:diamond_leggings":1,"minecraft:iron_boots":1,"minecraft:melon_seeds":1,"minecraft:chest":3,"minecraft:oak_fence":53,"minecraft:oak_slab":6,"minecraft:cooked_porkchop":6,"minecraft:map":1,"minecraft:wooden_pickaxe":2,"minecraft:iron_helmet":1,"minecraft:brewing_stand":1,"minecraft:iron_chestplate":1,"minecraft:wooden_hoe":1,"minecraft:diamond_pickaxe":1,"minecraft:shield":1,"minecraft:stick":53,"minecraft:iron_ingot":182,"minecraft:iron_pickaxe":2,"minecraft:iron_block":8,"minecraft:gold_ingot":9,"minecraft:shears":2,"minecraft:fishing_rod":1,"minecraft:iron_nugget":9,"minecraft:bone_meal":152,"minecraft:diamond":63,"minecraft:iron_axe":1,"minecraft:iron_hoe":3,"minecraft:diamond_boots":1,"minecraft:cooked_beef":9,"minecraft:sugar":7,"minecraft:coal_block":2,"minecraft:diamond_sword":2,"minecraft:iron_sword":3,"minecraft:bucket":8,"minecraft:bread":5,"minecraft:gold_nugget":9,"minecraft:wooden_axe":1,"minecraft:iron_shovel":1,"minecraft:iron_leggings":1,"minecraft:diamond_chestplate":1},"minecraft:used":{"minecraft:peony":1,"minecraft:dispenser":20,"minecraft:smooth_quartz_slab":539,"minecraft:ladder":59,"minecraft:diamond_hoe":32,"minecraft:spruce_slab":8,"minecraft:bone_block":4,"minecraft:oak_sign":3,"minecraft:shield":61,"minecraft:chest":84,"minecraft:white_terracotta":158,"minecraft:iron_sword":355,"minecraft:stone":470,"minecraft:zombie_spawn_egg":788,"minecraft:creeper_head":1,"minecraft:warped_sign":7,"minecraft:bell":12,"minecraft:quartz_stairs":44,"minecraft:rotten_flesh":16,"minecraft:player_head":1,"minecraft:farmland":20,"minecraft:mooshroom_spawn_egg":3,"minecraft:birch_pressure_plate":1,"minecraft:skeleton_spawn_egg":1,"minecraft:blue_stained_glass":77,"minecraft:carrot":17,"minecraft:beehive":4,"minecraft:milk_bucket":2,"minecraft:crimson_button":4,"minecraft:glass":106,"minecraft:lava_bucket":1,"minecraft:netherite_shovel":9,"minecraft:bricks":1369,"minecraft:quartz_slab":26,"minecraft:villager_spawn_egg":287,"minecraft:grass_block":223,"minecraft:lantern":46,"minecraft:quartz_block":54,"minecraft:polished_andesite_stairs":42,"minecraft:stone_brick_stairs":21,"minecraft:stone_bricks":287,"minecraft:blue_banner":2,"minecraft:item_frame":40,"minecraft:golden_sword":16,"minecraft:birch_trapdoor":22,"minecraft:repeater":16,"minecraft:redstone_lamp":6,"minecraft:bow":196,"minecraft:scaffolding":19,"minecraft:furnace":15,"minecraft:oak_sapling":67,"minecraft:egg":210,"minecraft:gray_banner":4,"minecraft:green_stained_glass_pane":37,"minecraft:light_blue_carpet":115,"minecraft:damaged_anvil":18,"minecraft:diorite":46,"minecraft:end_rod":33,"minecraft:cow_spawn_egg":5,"minecraft:spruce_door":19,"minecraft:stripped_birch_log":1,"minecraft:dark_oak_sign":1,"minecraft:acacia_trapdoor":3,"minecraft:oak_planks":473,"minecraft:lime_concrete_powder":1,"minecraft:wooden_pickaxe":19,"minecraft:sandstone":1,"minecraft:composter":2,"djyybuild:target_block_gui":7,"minecraft:clay":19,"minecraft:sugar_cane":2,"minecraft:smooth_quartz_stairs":110,"minecraft:white_wool":4,"minecraft:dark_oak_trapdoor":7,"minecraft:sand":2,"minecraft:light_blue_concrete":38,"minecraft:loom":2,"minecraft:blast_furnace":10,"minecraft:crossbow":48,"minecraft:stone_brick_wall":30,"minecraft:sponge":15,"minecraft:pumpkin_seeds":4,"minecraft:birch_fence":46,"minecraft:creeper_spawn_egg":55,"minecraft:redstone_torch":15,"minecraft:sticky_piston":5,"minecraft:lever":44,"minecraft:hoglin_spawn_egg":1,"minecraft:cyan_bed":4,"minecraft:melon_slice":9,"minecraft:daylight_detector":5,"minecraft:birch_fence_gate":3,"minecraft:acacia_door":5,"minecraft:birch_slab":11,"minecraft:light_gray_concrete":32,"minecraft:zombie_head":1,"minecraft:bread":5,"minecraft:stone_button":9,"minecraft:lectern":3,"minecraft:polished_granite":112,"minecraft:oak_pressure_plate":11,"minecraft:iron_door":9,"minecraft:coal_block":7,"minecraft:diamond_sword":269,"minecraft:fire_charge":23,"minecraft:netherite_sword":146,"minecraft:andesite":39,"minecraft:oak_fence":258,"minecraft:iron_bars":115,"minecraft:grindstone":22,"minecraft:cobweb":2,"minecraft:smithing_table":13,"djyybuild:get_3d_block_gui":41,"minecraft:golden_pickaxe":21,"minecraft:crimson_door":6,"minecraft:oak_trapdoor":80,"minecraft:smooth_stone_slab":163,"minecraft:bone_meal":322,"minecraft:white_concrete":1396,"minecraft:warped_button":6,"minecraft:enchanting_table":17,"djyy:ji_kuai":1,"minecraft:flint_and_steel":6,"minecraft:carved_pumpkin":2,"minecraft:armor_stand":15,"minecraft:redstone":114,"minecraft:light_gray_carpet":1,"minecraft:oak_door":93,"minecraft:torch":154,"minecraft:structure_block":9,"minecraft:cooked_chicken":7,"minecraft:dragon_egg":1,"minecraft:brewing_stand":3,"minecraft:orange_bed":32,"minecraft:dirt":217,"minecraft:white_carpet":4,"minecraft:hopper":17,"minecraft:stone_stairs":268,"minecraft:warped_door":6,"minecraft:yellow_carpet":7,"minecraft:oak_fence_gate":2,"minecraft:polished_diorite":23,"minecraft:purple_banner":1,"minecraft:birch_door":10,"minecraft:andesite_wall":15,"minecraft:iron_hoe":104,"minecraft:stone_brick_slab":20,"minecraft:wooden_axe":74,"minecraft:sea_lantern":21,"minecraft:bookshelf":3,"minecraft:iron_block":13,"minecraft:iron_axe":56,"minecraft:oak_stairs":45,"minecraft:slime_block":6,"minecraft:spawner":5,"minecraft:jungle_log":1,"minecraft:chicken_spawn_egg":2,"minecraft:totem_of_undying":13,"minecraft:bamboo":1,"minecraft:barrel":23,"minecraft:melon_seeds":12,"minecraft:blaze_spawn_egg":1,"minecraft:light_gray_wool":1,"minecraft:tripwire_hook":18,"minecraft:lime_concrete":190,"minecraft:emerald_block":3,"minecraft:netherite_pickaxe":30,"minecraft:cyan_banner":1,"minecraft:stone_pressure_plate":1,"minecraft:cooked_beef":3,"minecraft:pumpkin":4,"minecraft:observer":3,"minecraft:mossy_stone_brick_wall":18,"minecraft:wheat_seeds":342,"minecraft:water_bucket":23,"minecraft:iron_ore":7,"minecraft:birch_planks":14,"minecraft:polished_andesite":21,"minecraft:cartography_table":3,"minecraft:brown_mushroom":1,"minecraft:cauldron":14,"minecraft:beacon":2,"minecraft:fletching_table":1,"minecraft:stonecutter":4,"minecraft:cobblestone_slab":4,"minecraft:gold_ore":1,"minecraft:lime_terracotta":36,"minecraft:pink_concrete":53,"minecraft:diamond_block":1,"minecraft:terracotta":13,"minecraft:light_gray_banner":8,"minecraft:comparator":1,"minecraft:tnt":75,"minecraft:crafting_table":24,"minecraft:oak_slab":1016,"minecraft:brown_banner":8,"minecraft:birch_sign":7,"minecraft:white_bed":30,"minecraft:campfire":13,"minecraft:painting":499,"minecraft:smoker":8,"minecraft:cake":2,"minecraft:dark_oak_door":12,"minecraft:oak_log":11,"minecraft:purple_stained_glass":1,"minecraft:blue_stained_glass_pane":59,"minecraft:flower_pot":48,"minecraft:piston":5,"minecraft:wooden_hoe":45,"minecraft:diamond_pickaxe":1,"minecraft:apple":2,"minecraft:command_block":13,"minecraft:diamond_shovel":3,"minecraft:acacia_sign":4,"minecraft:iron_pickaxe":299,"minecraft:pig_spawn_egg":2,"minecraft:map":92,"minecraft:jungle_stairs":1,"minecraft:stone_slab":964,"minecraft:spruce_trapdoor":129,"minecraft:crimson_sign":4,"minecraft:blue_carpet":3,"minecraft:fishing_rod":33,"minecraft:cobblestone":37,"minecraft:orange_banner":4,"minecraft:crimson_stairs":1,"minecraft:cooked_porkchop":1,"minecraft:jungle_door":2,"minecraft:red_banner":11,"minecraft:bucket":7,"minecraft:glass_pane":255,"minecraft:grass_path":35,"minecraft:splash_potion":3,"minecraft:birch_stairs":19,"minecraft:jukebox":16,"minecraft:smooth_stone":12,"minecraft:green_stained_glass":1},"minecraft:mined":{"minecraft:white_bed":1,"minecraft:attached_melon_stem":1,"minecraft:oak_sapling":3,"minecraft:farmland":1,"minecraft:potted_blue_orchid":1,"minecraft:carved_pumpkin":3,"minecraft:grass_block":36,"minecraft:composter":1,"minecraft:oak_wall_sign":1,"minecraft:oxeye_daisy":1,"minecraft:spawner":1,"minecraft:iron_ore":178,"minecraft:fire":5,"minecraft:pumpkin":8,"minecraft:iron_block":2,"minecraft:orange_bed":3,"minecraft:jungle_door":1,"minecraft:melon_stem":3,"minecraft:poppy":2,"minecraft:melon":24,"minecraft:chest":2,"minecraft:glass":2,"minecraft:cobblestone":1,"minecraft:slime_block":2,"minecraft:oak_planks":13,"minecraft:sugar_cane":11,"minecraft:white_terracotta":6,"minecraft:wheat":294,"minecraft:grass":49,"minecraft:oak_log":80,"minecraft:sand":1,"minecraft:dirt":66,"minecraft:oak_leaves":76,"minecraft:emerald_block":1,"minecraft:attached_pumpkin_stem":2,"minecraft:oak_door":1,"minecraft:sandstone":32,"minecraft:carrots":8,"minecraft:gold_block":1,"minecraft:lantern":1,"minecraft:stone":6,"minecraft:white_wool":1,"minecraft:oak_slab":1,"minecraft:glass_pane":10,"minecraft:dandelion":1,"minecraft:oak_fence":28,"minecraft:cornflower":1,"minecraft:tall_grass":2,"minecraft:purple_stained_glass":1,"minecraft:grass_path":1,"minecraft:coal_ore":100,"minecraft:birch_fence":3},"minecraft:killed_by":{"minecraft:creeper":7,"minecraft:blaze":1,"minecraft:zombie":56,"minecraft:spider":1,"minecraft:iron_golem":2,"minecraft:slime":14,"minecraft:skeleton":21},"minecraft:killed":{"minecraft:spider":3,"minecraft:zombie_horse":1,"minecraft:skeleton":31,"minecraft:chicken":26,"minecraft:skeleton_horse":1,"minecraft:pig":9,"minecraft:creeper":4,"minecraft:zombie":135,"minecraft:blaze":1,"minecraft:cow":34,"minecraft:slime":66,"minecraft:horse":2,"minecraft:villager":23},"minecraft:dropped":{"minecraft:iron_sword":3,"minecraft:porkchop":5,"minecraft:diamond_axe":1,"minecraft:cooked_beef":6,"minecraft:diamond":22,"minecraft:nether_star":9,"minecraft:crafting_table":2,"minecraft:spider_spawn_egg":2,"minecraft:leather":55,"minecraft:birch_slab":8,"minecraft:red_mushroom":10,"minecraft:item_frame":34,"minecraft:dirt":138,"minecraft:redstone_lamp":1,"minecraft:wither_skeleton_spawn_egg":1,"minecraft:mutton":8,"minecraft:seagrass":12,"minecraft:bone_meal":34,"minecraft:sugar":1,"minecraft:acacia_door":1,"minecraft:white_wool":5,"minecraft:birch_stairs":3,"minecraft:end_crystal":7,"minecraft:cauldron":1,"minecraft:bone":20,"minecraft:oak_door":5,"minecraft:stone_axe":1,"minecraft:lever":5,"minecraft:netherite_sword":1,"minecraft:wheat":21,"minecraft:rotten_flesh":121,"minecraft:oak_planks":311,"minecraft:azure_bluet":1,"minecraft:white_bed":1,"minecraft:zombified_piglin_spawn_egg":1,"minecraft:wandering_trader_spawn_egg":1,"minecraft:birch_fence_gate":1,"minecraft:poppy":7,"minecraft:rabbit_hide":6,"minecraft:oak_fence_gate":1,"minecraft:gunpowder":56,"minecraft:hopper":5,"minecraft:chest":6,"minecraft:ladder":1,"minecraft:painting":28,"minecraft:arrow":101,"minecraft:strider_spawn_egg":1,"minecraft:beef":15,"minecraft:enchanting_table":1,"minecraft:egg":45,"minecraft:stone_hoe":1,"minecraft:water_bucket":2,"minecraft:iron_ingot":29,"minecraft:wolf_spawn_egg":1,"minecraft:oak_slab":3,"minecraft:netherite_pickaxe":1,"minecraft:clock":9,"minecraft:tnt":1,"minecraft:minecart":7,"minecraft:creeper_spawn_egg":128,"minecraft:guardian_spawn_egg":1,"minecraft:iron_helmet":1,"minecraft:oak_fence":75,"minecraft:feather":22,"minecraft:prismarine_crystals":4,"minecraft:observer":1,"minecraft:apple":1,"minecraft:command_block":4,"minecraft:sheep_spawn_egg":1,"minecraft:tropical_fish":2,"minecraft:grass_block":2,"minecraft:stick":209,"minecraft:iron_block":61,"minecraft:bee_spawn_egg":1,"minecraft:milk_bucket":1,"minecraft:torch":4,"minecraft:wooden_axe":1,"minecraft:melon_slice":67,"minecraft:rabbit":4,"minecraft:white_concrete":5,"minecraft:iron_door":1,"minecraft:potion":1,"minecraft:iron_leggings":2,"minecraft:smooth_quartz_slab":8,"minecraft:oak_stairs":2,"minecraft:pumpkin":1,"minecraft:orange_bed":4,"minecraft:string":85,"minecraft:stone_brick_slab":4,"minecraft:furnace":2,"minecraft:zombie_spawn_egg":64,"minecraft:smooth_stone_slab":1,"minecraft:composter":1,"minecraft:stone_shovel":1,"minecraft:chicken":8,"minecraft:iron_boots":1,"minecraft:villager_spawn_egg":1,"minecraft:iron_hoe":1,"minecraft:comparator":1,"minecraft:stone_slab":1,"minecraft:dolphin_spawn_egg":2,"minecraft:white_terracotta":59,"minecraft:shears":1,"minecraft:pumpkin_seeds":1,"minecraft:flint_and_steel":1,"minecraft:stone":1,"minecraft:flower_pot":1,"minecraft:iron_chestplate":2,"minecraft:diamond_pickaxe":1,"minecraft:cake":2,"minecraft:oak_boat":5,"minecraft:oak_sapling":19,"minecraft:golden_sword":3,"minecraft:redstone_torch":1,"minecraft:bamboo":2,"minecraft:warped_button":2,"minecraft:slime_ball":99,"minecraft:beacon":6,"minecraft:bow":4,"minecraft:blue_orchid":1,"minecraft:stone_pickaxe":1,"minecraft:horse_spawn_egg":1},"minecraft:custom":{"minecraft:animals_bred":51,"minecraft:interact_with_crafting_table":114,"minecraft:open_barrel":8,"minecraft:eat_cake_slice":13,"minecraft:leave_game":59,"minecraft:time_since_death":223851,"minecraft:damage_resisted":264,"minecraft:sprint_one_cm":901728,"minecraft:damage_blocked_by_shield":2624,"minecraft:drop":1580,"minecraft:talked_to_villager":14,"minecraft:deaths":132,"minecraft:jump":6470,"minecraft:interact_with_brewingstand":3,"minecraft:walk_on_water_one_cm":15530,"minecraft:interact_with_furnace":48,"minecraft:interact_with_cartography_table":3,"minecraft:play_one_minute":1888079,"minecraft:sleep_in_bed":59,"minecraft:damage_dealt":36176,"minecraft:interact_with_beacon":1,"minecraft:crouch_one_cm":33310,"minecraft:interact_with_smoker":3,"minecraft:inspect_dispenser":39,"minecraft:horse_one_cm":107301,"minecraft:interact_with_smithing_table":9,"minecraft:interact_with_anvil":3,"minecraft:mob_kills":367,"minecraft:inspect_hopper":7,"minecraft:fill_cauldron":1,"minecraft:interact_with_campfire":12,"minecraft:damage_dealt_resisted":156,"minecraft:climb_one_cm":17857,"minecraft:walk_one_cm":7238945,"minecraft:damage_dealt_absorbed":76,"minecraft:sneak_time":9637,"minecraft:walk_under_water_one_cm":2629,"minecraft:pot_flower":31,"minecraft:time_since_rest":46507,"minecraft:damage_taken":75650,"minecraft:damage_absorbed":245,"minecraft:fly_one_cm":8196093,"minecraft:open_chest":576,"minecraft:fall_one_cm":700856},"minecraft:broken":{"minecraft:wooden_axe":1,"minecraft:shield":1,"minecraft:iron_pickaxe":1},"minecraft:picked_up":{"minecraft:wooden_axe":4,"minecraft:seagrass":24,"minecraft:iron_chestplate":7,"minecraft:wheat":355,"minecraft:redstone_block":128,"minecraft:anvil":1,"minecraft:creeper_head":2,"minecraft:flower_pot":2,"minecraft:lead":6,"minecraft:smithing_table":1,"minecraft:stone_slab":10,"minecraft:diamond_sword":11,"minecraft:bee_spawn_egg":4,"minecraft:oak_stairs":14,"minecraft:enchanted_book":13,"minecraft:potion":9,"minecraft:golden_shovel":3,"minecraft:golden_sword":10,"minecraft:string":306,"minecraft:smooth_stone_slab":1,"minecraft:iron_leggings":8,"minecraft:zombie_head":1,"minecraft:oak_sign":7,"minecraft:gold_nugget":6,"minecraft:bucket":6,"minecraft:ender_eye":3,"minecraft:iron_pickaxe":4,"minecraft:melon_slice":219,"minecraft:iron_boots":6,"minecraft:furnace":2,"minecraft:dark_oak_door":15,"minecraft:tipped_arrow":2479,"minecraft:stick":651,"minecraft:jungle_door":1,"minecraft:jukebox":1,"minecraft:composter":8,"minecraft:oak_fence":124,"minecraft:torch":126,"minecraft:acacia_log":2,"minecraft:porkchop":68,"minecraft:golden_axe":3,"minecraft:warped_button":6,"minecraft:end_crystal":28,"minecraft:rabbit_foot":9,"minecraft:cauldron":1,"minecraft:zombie_spawn_egg":432,"minecraft:orange_bed":11,"minecraft:quartz_block":6,"minecraft:stone_sword":1,"minecraft:cactus":1,"minecraft:command_block":3,"minecraft:rotten_flesh":1376,"minecraft:tropical_fish":4,"minecraft:guardian_spawn_egg":4,"minecraft:iron_block":118,"minecraft:carved_pumpkin":3,"minecraft:end_rod":9,"minecraft:wolf_spawn_egg":4,"minecraft:white_terracotta":397,"minecraft:blaze_rod":9,"minecraft:blaze_powder":6,"minecraft:cobblestone":20,"minecraft:sponge":2,"minecraft:leather_chestplate":1,"minecraft:repeater":12,"minecraft:feather":92,"minecraft:cooked_beef":6,"minecraft:magma_cream":2,"minecraft:water_bucket":9,"minecraft:iron_door":7,"minecraft:birch_slab":66,"minecraft:beacon":12,"minecraft:smoker":1,"minecraft:wandering_trader_spawn_egg":4,"minecraft:dirt":904,"minecraft:lantern":10,"djyybuild:copy_item":1,"minecraft:leather_boots":1,"minecraft:bone":415,"minecraft:bow":19,"minecraft:wheat_seeds":1161,"minecraft:bell":1,"minecraft:grindstone":6,"minecraft:bamboo":8,"minecraft:fletching_table":2,"minecraft:rabbit":8,"minecraft:oak_planks":395,"minecraft:stone_hoe":2,"minecraft:ghast_tear":6,"minecraft:cooked_porkchop":48,"minecraft:strider_spawn_egg":4,"minecraft:oak_pressure_plate":14,"minecraft:birch_fence_gate":1,"minecraft:sand":1,"minecraft:crimson_door":1,"minecraft:grass_block":5,"minecraft:fermented_spider_eye":17,"minecraft:diamond_block":57,"minecraft:barrel":2,"minecraft:wither_skeleton_spawn_egg":4,"minecraft:iron_hoe":6,"minecraft:dispenser":4,"minecraft:sugar":18,"minecraft:diamond":152,"minecraft:slime_block":4,"minecraft:lever":39,"minecraft:crossbow":21,"minecraft:bone_meal":123,"minecraft:chainmail_helmet":1,"minecraft:white_concrete":88,"minecraft:golden_horse_armor":2,"minecraft:horse_spawn_egg":3,"minecraft:emerald":66,"minecraft:bread":3,"minecraft:oak_sapling":93,"minecraft:bricks":61,"minecraft:nether_star":27,"minecraft:diamond_pickaxe":3,"minecraft:crafting_table":4,"minecraft:allium":14,"minecraft:dolphin_spawn_egg":8,"minecraft:splash_potion":8,"minecraft:azure_bluet":21,"minecraft:nether_wart":6,"minecraft:chicken":150,"minecraft:ladder":6,"minecraft:golden_pickaxe":2,"minecraft:leather_leggings":1,"minecraft:redstone_lamp":1,"minecraft:brown_mushroom":3,"minecraft:wooden_pickaxe":1,"minecraft:gold_block":7,"minecraft:conduit":1,"minecraft:spider_spawn_egg":8,"minecraft:shield":5,"minecraft:oak_trapdoor":9,"minecraft:acacia_door":69,"minecraft:iron_axe":6,"minecraft:wooden_sword":1,"minecraft:flint_and_steel":1,"minecraft:item_frame":85,"minecraft:white_carpet":1,"minecraft:iron_shovel":6,"minecraft:birch_fence":8,"minecraft:blue_orchid":13,"minecraft:glass_pane":64,"minecraft:netherite_sword":5,"minecraft:beef":116,"minecraft:oak_boat":11,"minecraft:player_head":1,"minecraft:light_gray_wool":1,"minecraft:poppy":40,"minecraft:spruce_slab":12,"minecraft:minecart":15,"minecraft:sugar_cane":15,"minecraft:quartz_stairs":3,"minecraft:chest":7,"minecraft:spruce_trapdoor":16,"minecraft:diamond_hoe":3,"minecraft:egg":263,"minecraft:hoglin_spawn_egg":4,"minecraft:sandstone":53,"minecraft:stone":2,"minecraft:oak_door":32,"minecraft:cookie":14,"minecraft:cake":2,"minecraft:stone_button":6,"minecraft:music_disc_11":3,"minecraft:carrot":42,"minecraft:redstone":13,"minecraft:zombified_piglin_spawn_egg":4,"minecraft:netherite_pickaxe":5,"minecraft:prismarine_crystals":8,"minecraft:iron_horse_armor":1,"minecraft:tnt":8,"minecraft:arrow":693,"minecraft:stone_shovel":2,"minecraft:golden_hoe":2,"minecraft:shears":12,"minecraft:hay_block":8,"minecraft:pink_tulip":8,"minecraft:gold_ingot":46,"minecraft:saddle":2,"minecraft:glistering_melon_slice":2,"minecraft:totem_of_undying":3,"minecraft:mutton":41,"minecraft:white_wool":10,"minecraft:oxeye_daisy":16,"minecraft:clock":18,"minecraft:salmon":1,"djyybuild:get_3d_block_gui":1,"minecraft:leather":145,"minecraft:red_mushroom":20,"minecraft:oak_log":232,"minecraft:chainmail_chestplate":1,"minecraft:gunpowder":169,"minecraft:wooden_hoe":1,"minecraft:spawner":1,"minecraft:cooked_mutton":8,"minecraft:apple":12,"minecraft:stone_bricks":16,"minecraft:creeper_spawn_egg":193,"minecraft:rabbit_hide":12,"minecraft:iron_ingot":778,"minecraft:stone_pickaxe":3,"minecraft:cobweb":2,"minecraft:cooked_chicken":57,"minecraft:iron_ore":241,"minecraft:iron_sword":29,"minecraft:oak_slab":35,"minecraft:milk_bucket":2,"minecraft:emerald_block":65,"minecraft:pumpkin":13,"minecraft:stone_brick_slab":9,"minecraft:dandelion":8,"minecraft:quartz":1,"minecraft:lime_concrete":11,"minecraft:lava_bucket":2,"minecraft:birch_stairs":21,"minecraft:white_bed":36,"minecraft:gold_ore":187,"minecraft:spider_eye":15,"minecraft:dragon_egg":3,"minecraft:leather_helmet":3,"minecraft:diamond_shovel":5,"minecraft:pumpkin_seeds":48,"minecraft:coal_ore":64,"minecraft:slime_ball":868,"minecraft:stone_axe":2,"minecraft:donkey_spawn_egg":4,"minecraft:iron_helmet":9,"minecraft:redstone_ore":64,"minecraft:diamond_axe":4,"minecraft:painting":138,"minecraft:gray_wool":1,"minecraft:melon_seeds":41,"minecraft:smooth_quartz_slab":14,"minecraft:coal":128,"minecraft:hopper":3,"minecraft:ender_pearl":6}},"DataVersion":2586}