{"stats":{"minecraft:used":{"cfm:yellow_picket_gate":4,"minecraft:red_sandstone_slab":20,"minecraft:spruce_slab":186,"minecraft:ladder":23,"minecraft:oak_sign":4,"minecraft:chest":66,"minecraft:white_terracotta":907,"minecraft:stone":96,"minecraft:zombie_spawn_egg":389,"minecraft:quartz_stairs":309,"minecraft:bell":1,"cfm:stripped_birch_crate":4,"minecraft:rotten_flesh":25,"minecraft:mooshroom_spawn_egg":26,"minecraft:birch_pressure_plate":2,"minecraft:mutton":4,"cfm:oak_desk":5,"minecraft:furnace_minecart":10,"minecraft:glass":450,"minecraft:wandering_trader_spawn_egg":110,"minecraft:spruce_boat":2,"cfm:white_picket_fence":84,"minecraft:packed_ice":773,"minecraft:coal_ore":28,"minecraft:lava_bucket":35,"minecraft:bricks":804,"minecraft:villager_spawn_egg":1923,"minecraft:quartz_slab":405,"minecraft:lantern":4,"minecraft:panda_spawn_egg":6,"cfm:stripped_oak_chair":8,"cfm:stripped_acacia_cabinet":9,"cfm:jungle_park_bench":2,"minecraft:stone_brick_stairs":20,"minecraft:stone_bricks":308,"minecraft:item_frame":91,"simpleplanes:plane":1,"minecraft:redstone_lamp":1,"minecraft:red_nether_brick_wall":236,"minecraft:bow":5,"cfm:stripped_oak_kitchen_sink_dark":1,"minecraft:furnace":3,"minecraft:gold_block":227,"minecraft:egg":26,"minecraft:emerald_ore":11,"minecraft:end_rod":617,"minecraft:cow_spawn_egg":27,"minecraft:spruce_door":3,"minecraft:witch_spawn_egg":66,"minecraft:powered_rail":1026,"minecraft:oak_planks":254,"minecraft:ender_pearl":3,"minecraft:redstone_block":67,"minecraft:jungle_pressure_plate":2,"minecraft:composter":1,"minecraft:white_wool":4,"minecraft:sand":9,"minecraft:light_blue_concrete":95,"minecraft:loom":3,"minecraft:blast_furnace":7,"minecraft:yellow_concrete":779,"cfm:orange_sofa":8,"minecraft:stone_brick_wall":771,"minecraft:end_stone":2,"cfm:oak_chair":1,"minecraft:creeper_spawn_egg":306,"minecraft:birch_fence":295,"minecraft:redstone_torch":5,"minecraft:sticky_piston":28,"minecraft:lever":25,"minecraft:black_concrete":91,"minecraft:acacia_door":45,"minecraft:birch_slab":497,"minecraft:heavy_weighted_pressure_plate":1,"minecraft:bread":6,"minecraft:lectern":2,"minecraft:oak_pressure_plate":8,"minecraft:prismarine_wall":293,"gunswithoutroses:diamond_sniper":254,"cfm:yellow_trampoline":6,"simpleplanes:plane_workbench":1,"simpleplanes:large_plane":6,"minecraft:fire_charge":39,"minecraft:grindstone":4,"minecraft:smithing_table":2,"minecraft:smooth_stone_slab":369,"minecraft:ice":327,"minecraft:oak_boat":23,"minecraft:tropical_fish_bucket":4,"minecraft:white_concrete":3644,"cfm:white_picket_gate":32,"minecraft:bone_meal":1,"cfm:jungle_bedside_cabinet":1,"minecraft:experience_bottle":1,"minecraft:oak_fence":11,"minecraft:oak_trapdoor":35,"minecraft:petrified_oak_slab":352,"minecraft:netherite_sword":160,"minecraft:iron_bars":17,"minecraft:redstone_ore":26,"minecraft:redstone":23,"minecraft:orange_bed":131,"minecraft:oak_door":57,"minecraft:torch":338,"minecraft:dirt":501,"minecraft:brewing_stand":3,"minecraft:spruce_stairs":18,"minecraft:blue_concrete":1,"minecraft:light_blue_stained_glass":16,"minecraft:oak_fence_gate":2,"gunswithoutroses:diamond_gatling":1620,"minecraft:stone_brick_slab":472,"minecraft:bookshelf":1,"minecraft:red_tulip":1,"minecraft:yellow_stained_glass":56,"minecraft:iron_block":236,"minecraft:oak_stairs":121,"minecraft:slime_block":93,"minecraft:chicken_spawn_egg":37,"minecraft:tripwire_hook":2,"minecraft:lime_concrete":79,"minecraft:black_stained_glass":6,"minecraft:emerald_block":10,"minecraft:iron_trapdoor":1,"minecraft:wolf_spawn_egg":1,"minecraft:podzol":4,"minecraft:netherite_pickaxe":341,"minecraft:minecart":26,"minecraft:cooked_beef":2,"minecraft:observer":39,"minecraft:turtle_egg":44,"minecraft:crimson_stem":18,"cfm:black_kitchen_drawer":6,"minecraft:wheat_seeds":2,"minecraft:quartz_bricks":904,"minecraft:water_bucket":16,"cfm:diorite_coffee_table":4,"minecraft:pink_tulip":1,"minecraft:tube_coral_block":1,"minecraft:lodestone":3,"minecraft:cartography_table":24,"cfm:stripped_acacia_chair":1,"minecraft:cauldron":4,"cfm:yellow_kitchen_sink":1,"minecraft:beacon":47,"minecraft:fletching_table":2,"minecraft:sheep_spawn_egg":64,"minecraft:stonecutter":2,"cfm:oak_coffee_table":5,"minecraft:vindicator_spawn_egg":291,"minecraft:gold_ore":16,"simpleplanes:helicopter":4,"cfm:oak_cabinet":2,"minecraft:diamond_block":482,"minecraft:rail":75,"minecraft:tnt":75,"minecraft:crafting_table":19,"minecraft:oak_slab":497,"minecraft:white_bed":35,"minecraft:campfire":146,"minecraft:dark_oak_fence_gate":5,"minecraft:infested_stone_bricks":125,"minecraft:smoker":2,"minecraft:dark_oak_door":5,"minecraft:oak_log":232,"cfm:diving_board":9,"minecraft:ender_eye":27,"minecraft:black_wool":2,"minecraft:activator_rail":14,"minecraft:oxeye_daisy":1,"cfm:stripped_dark_oak_kitchen_sink_light":4,"minecraft:chicken":5,"minecraft:pig_spawn_egg":166,"minecraft:map":1,"minecraft:tnt_minecart":246,"minecraft:stone_slab":1471,"cfm:stripped_birch_upgraded_gate":4,"cfm:granite_table":10,"cfm:stripped_oak_bedside_cabinet":2,"minecraft:white_banner":5,"minecraft:cooked_porkchop":10,"minecraft:jungle_door":15,"minecraft:bucket":12,"minecraft:glass_pane":489,"minecraft:end_portal_frame":27,"cfm:light_blue_kitchen_drawer":5,"minecraft:dandelion":1,"minecraft:gray_wool":6,"minecraft:jukebox":7,"minecraft:soul_torch":2},"minecraft:picked_up":{"minecraft:wheat":25,"minecraft:redstone_block":141,"minecraft:stone_slab":15,"minecraft:lead":1,"minecraft:oak_stairs":47,"minecraft:enchanted_book":3,"minecraft:brewing_stand":2,"minecraft:string":75,"minecraft:smooth_stone_slab":126,"minecraft:bucket":11,"minecraft:ender_eye":205,"minecraft:dark_oak_door":45,"minecraft:furnace":9,"minecraft:stick":12,"gunswithoutroses:hunger_bullet":62,"minecraft:jungle_door":50,"minecraft:composter":5,"minecraft:torch":81,"minecraft:porkchop":20,"minecraft:netherite_shovel":11,"minecraft:villager_spawn_egg":65,"minecraft:warped_pressure_plate":8,"minecraft:end_crystal":8,"minecraft:zombie_spawn_egg":1,"minecraft:orange_bed":9,"minecraft:rotten_flesh":680,"gunswithoutroses:diamond_gatling":17,"minecraft:red_sandstone_slab":1,"cfm:white_picket_fence":2,"minecraft:iron_block":55,"minecraft:end_rod":418,"minecraft:glowstone":10,"gunswithoutroses:blaze_bullet":7662,"minecraft:bookshelf":1,"minecraft:wolf_spawn_egg":63,"minecraft:white_terracotta":133,"minecraft:iron_bars":38,"minecraft:nautilus_shell":3,"minecraft:cooked_beef":78,"minecraft:jungle_pressure_plate":1,"minecraft:feather":30,"minecraft:birch_slab":85,"minecraft:beacon":7,"minecraft:potato":12,"minecraft:wandering_trader_spawn_egg":64,"minecraft:dirt":1483,"minecraft:lantern":1,"minecraft:glass":32,"minecraft:bone":112,"minecraft:bow":6,"minecraft:wheat_seeds":88,"minecraft:bell":3,"minecraft:netherite_axe":7,"minecraft:glowstone_dust":1,"minecraft:powered_rail":78,"minecraft:oak_planks":136,"minecraft:vindicator_spawn_egg":1,"minecraft:cooked_porkchop":363,"minecraft:pig_spawn_egg":1,"minecraft:oak_pressure_plate":1,"minecraft:sand":135,"minecraft:loom":1,"minecraft:diamond_block":13,"minecraft:trapped_chest":7,"minecraft:black_concrete":1,"minecraft:spruce_boat":1,"minecraft:slime_block":19,"minecraft:diamond":22,"gunswithoutroses:diamond_sniper":24,"minecraft:lever":13,"simpleplanes:large_plane":2,"minecraft:bone_meal":4,"minecraft:white_concrete":100,"minecraft:emerald":462,"minecraft:bread":247,"minecraft:oak_sapling":5,"minecraft:bricks":11,"minecraft:nether_star":14,"minecraft:azure_bluet":2,"minecraft:chicken":8,"minecraft:redstone_lamp":6,"minecraft:stone_brick_wall":8,"minecraft:conduit":6,"minecraft:oak_trapdoor":1,"minecraft:elytra":7,"minecraft:iron_axe":8,"minecraft:acacia_door":103,"minecraft:item_frame":37,"minecraft:quartz_slab":1,"minecraft:compass":1,"minecraft:birch_fence":10,"minecraft:glass_pane":64,"minecraft:cartography_table":1,"minecraft:netherite_sword":17,"minecraft:beef":6,"minecraft:oak_boat":5,"minecraft:observer":2,"minecraft:lectern":2,"minecraft:poppy":89,"minecraft:spruce_slab":12,"minecraft:light_gray_wool":10,"minecraft:minecart":24,"minecraft:chest":16,"minecraft:egg":58,"simpleplanes:booster":1,"minecraft:end_stone":18,"minecraft:stone":257,"minecraft:oak_door":22,"minecraft:fire_charge":1,"minecraft:music_disc_11":1,"minecraft:carrot":1,"minecraft:redstone":210,"minecraft:netherite_pickaxe":19,"minecraft:red_nether_brick_wall":160,"minecraft:tnt":2,"minecraft:arrow":144,"minecraft:shears":5,"minecraft:pink_tulip":5,"minecraft:gold_ingot":58,"minecraft:petrified_oak_slab":4,"minecraft:mutton":370,"minecraft:rail":7,"minecraft:white_wool":245,"minecraft:oxeye_daisy":27,"minecraft:stripped_oak_log":1,"simpleplanes:helicopter":7,"minecraft:tripwire_hook":1,"minecraft:leather":33,"minecraft:end_portal_frame":51,"minecraft:filled_map":4,"minecraft:oak_log":60,"minecraft:yellow_bed":2,"minecraft:gunpowder":203,"minecraft:paper":60,"minecraft:white_banner":11,"minecraft:cooked_mutton":68,"minecraft:podzol":6,"minecraft:apple":24,"minecraft:creeper_spawn_egg":2,"minecraft:heart_of_the_sea":3,"minecraft:iron_ingot":496,"minecraft:cooked_chicken":4,"minecraft:iron_ore":66,"simpleplanes:floaty_bedding":65,"minecraft:book":12,"minecraft:tropical_fish_bucket":11,"minecraft:oak_slab":66,"minecraft:emerald_block":60,"minecraft:stone_brick_slab":26,"minecraft:lime_concrete":78,"minecraft:dandelion":17,"minecraft:lava_bucket":3,"minecraft:white_bed":10,"minecraft:gold_ore":198,"minecraft:spider_eye":8,"minecraft:coal_ore":55,"minecraft:slime_ball":1483,"minecraft:redstone_ore":130,"minecraft:scute":6,"minecraft:gray_wool":10,"minecraft:black_wool":22,"minecraft:coal":384,"minecraft:ender_pearl":1},"minecraft:killed":{"minecraft:witch":1,"minecraft:spider":11,"minecraft:skeleton":9,"minecraft:chicken":13,"minecraft:turtle":3,"minecraft:wolf":1,"minecraft:pig":95,"minecraft:zombie_villager":6,"minecraft:iron_golem":5,"minecraft:ender_dragon":1,"minecraft:creeper":6,"minecraft:sheep":22,"minecraft:zombie":46,"minecraft:mooshroom":26,"minecraft:cow":1,"minecraft:vindicator":3,"minecraft:slime":161,"minecraft:panda":6,"minecraft:bat":5,"minecraft:wandering_trader":8,"minecraft:villager":58},"minecraft:custom":{"minecraft:interact_with_crafting_table":13,"minecraft:bell_ring":36,"minecraft:leave_game":26,"minecraft:time_since_death":76625,"minecraft:sprint_one_cm":1822794,"minecraft:drop":949,"minecraft:talked_to_villager":138,"minecraft:deaths":87,"minecraft:jump":7437,"minecraft:interact_with_brewingstand":3,"minecraft:walk_on_water_one_cm":4673,"minecraft:interact_with_furnace":23,"minecraft:traded_with_villager":140,"minecraft:interact_with_cartography_table":7,"minecraft:play_one_minute":1455752,"minecraft:interact_with_loom":1,"minecraft:sleep_in_bed":7,"minecraft:damage_dealt":9754,"minecraft:interact_with_beacon":6,"minecraft:crouch_one_cm":171,"minecraft:interact_with_smoker":4,"minecraft:interact_with_smithing_table":6,"minecraft:mob_kills":550,"minecraft:climb_one_cm":13679,"minecraft:walk_one_cm":6002455,"minecraft:sneak_time":396,"minecraft:walk_under_water_one_cm":122,"minecraft:boat_one_cm":728882,"minecraft:interact_with_blast_furnace":16,"minecraft:interact_with_grindstone":2,"minecraft:interact_with_stonecutter":2,"minecraft:time_since_rest":76649,"minecraft:damage_taken":28518,"minecraft:minecart_one_cm":226664,"minecraft:fly_one_cm":7566439,"minecraft:open_chest":207,"minecraft:aviate_one_cm":39901,"minecraft:fall_one_cm":85325},"minecraft:killed_by":{"minecraft:creeper":25,"minecraft:vindicator":3,"minecraft:witch":6,"minecraft:zombie":6,"minecraft:spider":1,"minecraft:enderman":5,"minecraft:iron_golem":4,"minecraft:ender_dragon":1,"minecraft:slime":22,"minecraft:skeleton":8},"minecraft:mined":{"cfm:white_picket_fence":2,"minecraft:white_bed":2,"minecraft:farmland":2,"minecraft:grass_block":25,"minecraft:white_concrete":13,"minecraft:oak_pressure_plate":1,"minecraft:composter":1,"minecraft:oxeye_daisy":6,"minecraft:light_blue_stained_glass":1,"minecraft:turtle_egg":1,"minecraft:azure_bluet":1,"minecraft:oak_stairs":35,"minecraft:pink_tulip":1,"minecraft:white_banner":3,"minecraft:iron_block":5,"minecraft:spruce_slab":1,"minecraft:orange_bed":1,"minecraft:jungle_door":1,"minecraft:poppy":2,"minecraft:beacon":3,"minecraft:chest":4,"minecraft:glass":7,"minecraft:slime_block":11,"minecraft:oak_planks":13,"minecraft:bricks":1,"minecraft:wall_torch":3,"minecraft:white_terracotta":2,"minecraft:powered_rail":2,"minecraft:wheat":44,"minecraft:lime_concrete":8,"minecraft:smooth_stone_slab":48,"minecraft:grass":10,"minecraft:oak_log":3,"minecraft:dirt":121,"minecraft:emerald_block":6,"minecraft:oak_door":5,"minecraft:birch_slab":12,"minecraft:redstone_ore":13,"minecraft:oak_trapdoor":1,"minecraft:diamond_block":5,"minecraft:bell":1,"minecraft:bookshelf":4,"minecraft:rail":3,"minecraft:packed_ice":8,"minecraft:redstone_block":2,"minecraft:glass_pane":10,"minecraft:stone_brick_slab":2,"minecraft:dandelion":8,"minecraft:lectern":2,"minecraft:stone_slab":3,"minecraft:tall_grass":3,"minecraft:red_nether_brick_wall":82,"minecraft:ice":3,"minecraft:grass_path":17,"minecraft:black_wool":2,"minecraft:end_rod":36,"minecraft:acacia_door":6,"minecraft:gold_ore":2},"minecraft:dropped":{"minecraft:oak_log":21,"minecraft:loom":2,"minecraft:nether_star":1,"minecraft:elytra":3,"minecraft:item_frame":3,"minecraft:emerald":70,"minecraft:warped_pressure_plate":4,"gunswithoutroses:blaze_bullet":1,"minecraft:redstone_lamp":2,"minecraft:dirt":77,"minecraft:birch_fence":3,"minecraft:acacia_door":8,"minecraft:end_crystal":2,"minecraft:bone":25,"minecraft:oak_door":4,"minecraft:dark_oak_door":15,"minecraft:rotten_flesh":124,"minecraft:poppy":19,"minecraft:coal_ore":1,"minecraft:chest":4,"minecraft:arrow":22,"minecraft:glass":1,"minecraft:cartography_table":1,"minecraft:iron_ingot":80,"minecraft:bread":5,"minecraft:netherite_pickaxe":1,"minecraft:observer":1,"minecraft:apple":10,"minecraft:stick":4,"minecraft:end_rod":11,"minecraft:oxeye_daisy":13,"minecraft:torch":23,"minecraft:white_concrete":3,"minecraft:jungle_door":15,"minecraft:iron_axe":4,"minecraft:orange_bed":3,"minecraft:paper":27,"minecraft:string":1,"minecraft:trapped_chest":3,"minecraft:redstone_block":2,"minecraft:lime_concrete":24,"minecraft:villager_spawn_egg":2,"minecraft:stone_slab":4,"minecraft:ender_eye":1,"minecraft:potato":7,"minecraft:slime_ball":239,"gunswithoutroses:diamond_sniper":1,"minecraft:bow":1,"simpleplanes:floaty_bedding":65},"minecraft:crafted":{"minecraft:oak_planks":16,"minecraft:bookshelf":2,"minecraft:heavy_weighted_pressure_plate":1,"minecraft:green_dye":36,"minecraft:glass":15,"minecraft:pumpkin":4,"minecraft:emerald":224,"minecraft:map":1,"minecraft:brown_dye":36,"minecraft:clock":2,"minecraft:tropical_fish_bucket":8,"minecraft:tnt":1,"minecraft:light_blue_dye":36,"minecraft:iron_ingot":180,"minecraft:gold_ingot":64,"minecraft:tube_coral_block":1,"minecraft:shears":1,"minecraft:nautilus_shell":6,"minecraft:redstone":18,"minecraft:gray_dye":36,"minecraft:pufferfish_bucket":3,"minecraft:bone_meal":3,"minecraft:vine":24,"minecraft:blue_ice":12,"minecraft:diamond":9,"minecraft:iron_trapdoor":1,"minecraft:bucket":2,"minecraft:podzol":6,"minecraft:glowstone":5,"minecraft:enchanted_book":3,"minecraft:oxeye_daisy":12,"minecraft:acacia_sapling":8}},"DataVersion":2586}