{"stats":{"minecraft:custom":{"minecraft:mob_kills":465,"minecraft:interact_with_crafting_table":8,"minecraft:open_barrel":6,"minecraft:leave_game":48,"minecraft:time_since_death":290121,"minecraft:climb_one_cm":3417,"minecraft:sprint_one_cm":331778,"minecraft:walk_one_cm":2548277,"minecraft:drop":20,"minecraft:deaths":6,"minecraft:sneak_time":2348,"minecraft:jump":2941,"minecraft:interact_with_brewingstand":9,"minecraft:walk_on_water_one_cm":1357,"minecraft:play_record":5,"minecraft:play_one_minute":838550,"minecraft:pot_flower":4,"minecraft:sleep_in_bed":10,"minecraft:time_since_rest":6729,"minecraft:damage_taken":4141,"minecraft:minecart_one_cm":101478,"minecraft:damage_dealt":13702,"minecraft:fly_one_cm":8662758,"minecraft:open_chest":18,"minecraft:crouch_one_cm":5412,"minecraft:fall_one_cm":1908,"minecraft:inspect_dispenser":1},"minecraft:dropped":{"djyybuild:gai_lou_gui":2,"minecraft:grass_block":1,"minecraft:acacia_trapdoor":1,"djyy:led_block":1,"djyybuild:copy_item":1,"minecraft:polished_diorite_stairs":1,"djyy:build2005":1,"minecraft:jungle_door":1,"djyybuild:target_block_gui":1,"minecraft:stone_brick_slab":1,"minecraft:furnace":1,"minecraft:bricks":1,"djyybuild:get_3d_block_gui":2,"minecraft:white_terracotta":1,"minecraft:infested_stone_bricks":1,"djyy:da_huo_ji":1,"minecraft:stone":1,"minecraft:stone_brick_wall":1},"minecraft:mined":{"minecraft:infested_stone_bricks":78},"minecraft:used":{"minecraft:oak_fence":32,"djyybuild:get_3d_block_gui":137,"minecraft:peony":26,"minecraft:oak_trapdoor":10,"minecraft:purpur_block":208,"minecraft:rose_bush":18,"minecraft:iron_bars":255,"djyy:ji_kuai":11,"djyy:lu_gou_zi":137,"minecraft:cut_red_sandstone_slab":3,"minecraft:oak_sign":3,"minecraft:spruce_slab":66,"minecraft:light_gray_carpet":1,"minecraft:poppy":1,"minecraft:ladder":5,"minecraft:silverfish_spawn_egg":57,"minecraft:chest":36,"minecraft:white_terracotta":176,"minecraft:stone":348,"minecraft:quartz_stairs":3,"minecraft:structure_block":17,"minecraft:sandstone_wall":26,"minecraft:oak_door":42,"minecraft:torch":82,"minecraft:end_stone_brick_wall":3,"minecraft:brewing_stand":2,"minecraft:dirt":5,"minecraft:white_carpet":6,"minecraft:blue_stained_glass":69,"minecraft:spruce_stairs":40,"minecraft:carrot":4,"minecraft:allium":4,"minecraft:stone_stairs":111,"minecraft:orange_wool":4,"minecraft:furnace_minecart":1,"minecraft:beehive":3,"minecraft:granite":328,"minecraft:azure_bluet":6,"yuushya:243":6,"minecraft:oak_fence_gate":4,"minecraft:birch_door":3,"minecraft:glass":9,"minecraft:stone_brick_slab":15,"minecraft:villager_spawn_egg":21,"minecraft:sea_lantern":1,"minecraft:bookshelf":52,"minecraft:red_tulip":5,"minecraft:bricks":16,"minecraft:quartz_slab":62,"minecraft:grass_block":566,"minecraft:lantern":34,"minecraft:iron_block":19,"minecraft:oak_stairs":20,"minecraft:blue_orchid":9,"minecraft:polished_andesite_stairs":15,"minecraft:spawner":3,"djyy:press_biscuit":2,"minecraft:light_blue_bed":2,"minecraft:smooth_quartz":89,"minecraft:diorite_wall":1,"minecraft:totem_of_undying":1,"minecraft:barrel":17,"minecraft:melon_seeds":5,"minecraft:stone_bricks":74,"minecraft:item_frame":41,"minecraft:bedrock":2,"minecraft:light_gray_wool":1,"minecraft:birch_trapdoor":14,"minecraft:tripwire_hook":16,"minecraft:tall_grass":4,"minecraft:emerald_block":1,"minecraft:iron_trapdoor":8,"minecraft:furnace":10,"minecraft:minecart":6,"minecraft:acacia_fence":46,"minecraft:polished_diorite_stairs":4,"minecraft:gold_block":2,"minecraft:granite_wall":7,"djyy:wmzz_dls":5,"djyy:ji_jiu_bao":2,"minecraft:light_blue_carpet":5,"minecraft:quartz_bricks":61,"minecraft:end_stone_bricks":126,"minecraft:cobblestone_stairs":8,"minecraft:spruce_door":1,"minecraft:sandstone_stairs":37,"minecraft:powered_rail":297,"minecraft:polished_andesite":357,"minecraft:infested_stone":8,"minecraft:chorus_fruit":1,"minecraft:acacia_trapdoor":12,"djyy:chen_cu":2,"minecraft:dark_oak_sign":2,"minecraft:jungle_fence":27,"minecraft:oak_planks":459,"minecraft:cartography_table":1,"minecraft:sandstone":32,"minecraft:cut_sandstone":59,"minecraft:redstone_block":34,"djyybuild:target_block_gui":19,"minecraft:cauldron":2,"djyy:golden_liandao":29,"minecraft:fletching_table":2,"minecraft:sheep_spawn_egg":2,"minecraft:clay":270,"djyy:led_block":7,"minecraft:dark_oak_trapdoor":7,"minecraft:yellow_terracotta":28,"minecraft:tnt":7,"minecraft:crafting_table":23,"minecraft:rail":93,"minecraft:light_blue_concrete":19,"minecraft:cut_sandstone_slab":13,"minecraft:oak_slab":60,"minecraft:strider_spawn_egg":3,"djyy:xing_ren_shui":60,"minecraft:birch_sign":6,"minecraft:yellow_concrete":272,"djyy:dakandao":7,"djyy:build1980":1,"minecraft:white_bed":21,"minecraft:stone_brick_wall":29,"minecraft:lingering_potion":76,"minecraft:painting":105,"minecraft:infested_stone_bricks":439,"minecraft:smoker":3,"minecraft:pumpkin_seeds":2,"minecraft:dark_oak_door":26,"yuushya:241":7,"minecraft:birch_fence":59,"minecraft:creeper_spawn_egg":718,"minecraft:redstone_torch":2,"minecraft:oak_log":51,"minecraft:blue_stained_glass_pane":33,"minecraft:wooden_hoe":13,"minecraft:lever":28,"minecraft:flower_pot":6,"minecraft:acacia_stairs":13,"djyybuild:get_target_block":22,"minecraft:oxeye_daisy":1,"minecraft:acacia_door":2,"minecraft:acacia_sign":5,"minecraft:birch_fence_gate":1,"minecraft:birch_slab":25,"minecraft:light_gray_concrete":69,"minecraft:iron_pickaxe":17,"minecraft:stone_button":9,"minecraft:brown_stained_glass":2,"minecraft:map":2,"minecraft:pig_spawn_egg":1,"minecraft:netherite_axe":18,"minecraft:lectern":2,"minecraft:stone_slab":565,"minecraft:spruce_trapdoor":39,"minecraft:iron_door":8,"djyy:114514_sword":76,"minecraft:cut_red_sandstone":52,"djyy:xi_gua_zhi":1,"minecraft:lilac":12,"minecraft:polished_andesite_slab":106,"minecraft:crimson_sign":2,"minecraft:chiseled_stone_bricks":4,"minecraft:jungle_sign":2,"minecraft:cobblestone":109,"minecraft:potion":2,"minecraft:orange_banner":2,"minecraft:dark_oak_fence":12,"minecraft:piglin_spawn_egg":44,"minecraft:glass_pane":82,"djyy:shao_dao_zi":2,"minecraft:smooth_stone_slab":27,"djyy:ge_wa_si":1,"minecraft:white_concrete":531,"minecraft:dandelion":3,"minecraft:smooth_stone":466,"minecraft:jukebox":1,"minecraft:splash_potion":77,"minecraft:birch_stairs":90},"minecraft:crafted":{"minecraft:filled_map":3},"minecraft:killed_by":{"minecraft:player":1,"minecraft:slime":1,"minecraft:skeleton":1},"minecraft:killed":{"minecraft:zombified_piglin":1,"minecraft:witch":1,"minecraft:slime":11,"minecraft:silverfish":3,"minecraft:pig":1,"minecraft:iron_golem":9,"minecraft:wandering_trader":1,"minecraft:creeper":417,"minecraft:sheep":2,"minecraft:trader_llama":2,"minecraft:zombie":1,"minecraft:mooshroom":1,"minecraft:villager":1},"minecraft:picked_up":{"minecraft:azure_bluet":8,"minecraft:stone_brick_wall":1,"minecraft:gold_block":2,"minecraft:string":1,"minecraft:item_frame":2,"minecraft:gold_nugget":1,"djyybuild:target_block_gui":1,"minecraft:beef":15,"minecraft:poppy":10,"minecraft:egg":1,"minecraft:dark_oak_door":10,"minecraft:stone":1,"minecraft:oak_door":14,"djyy:da_huo_ji":1,"minecraft:oak_fence":1,"djyy:wmzz_dls":147,"minecraft:torch":13,"minecraft:porkchop":1,"minecraft:redstone":2,"minecraft:orange_bed":7,"minecraft:rotten_flesh":2,"djyybuild:gai_lou_gui":2,"djyy:led_block":1,"minecraft:mutton":2,"minecraft:white_wool":2,"djyybuild:get_3d_block_gui":1,"minecraft:leather":2,"minecraft:beacon":1,"djyy:xing_ren_shui":93,"minecraft:gunpowder":1605,"minecraft:dirt":160,"minecraft:lantern":4,"djyy:the_int":29,"minecraft:cooked_mutton":1,"minecraft:acacia_trapdoor":1,"minecraft:wheat_seeds":5,"minecraft:iron_ingot":38,"djyy:ge_wa_si":50,"minecraft:powered_rail":1,"djyy:chen_cu":62,"minecraft:stone_brick_slab":1,"minecraft:dandelion":2,"minecraft:grass_block":1,"minecraft:spider_eye":2,"minecraft:polished_diorite_stairs":1,"minecraft:infested_stone_bricks":1,"minecraft:slime_ball":34,"djyy:build2005":1,"minecraft:lever":1,"minecraft:light_blue_carpet":1,"minecraft:chorus_fruit":12,"minecraft:bricks":1}},"DataVersion":2586}